from,to,"light (s)","deep (s)","rem (s)","awake (s)","wake up","Duration to sleep (s)","Duration to wake up (s)","Snoring (s)","Snoring episodes","Average heart rate","Heart rate (min)","Heart rate (max)","Night events"
2020-05-22T00:16:00-04:00,2020-05-22T08:19:00-04:00,17640,10260,0,1080,3,120,180,0,0,37,33,55,
2020-05-23T02:47:00-04:00,2020-05-23T08:30:00-04:00,11880,8280,0,420,0,120,300,0,0,46,36,95,
2020-05-24T01:06:00-04:00,2020-05-24T08:13:00-04:00,11880,12900,0,840,2,120,60,0,0,40,32,73,
2020-05-25T00:57:00-04:00,2020-05-25T10:02:00-04:00,16620,15000,0,1080,2,120,60,0,0,40,32,77,
2020-05-26T00:37:00-04:00,2020-05-26T08:23:00-04:00,14280,13560,0,120,0,120,0,0,0,40,31,77,
2020-05-27T01:10:00-04:00,2020-05-27T08:10:00-04:00,15120,8820,0,1260,3,120,240,0,0,38,33,47,
2020-05-27T23:49:00-04:00,2020-05-28T08:38:00-04:00,16020,13740,0,1980,1,120,1680,0,0,41,33,99,
2020-05-29T02:09:00-04:00,2020-05-29T08:49:00-04:00,11400,12360,0,240,0,120,120,0,0,40,33,72,
2020-05-30T00:18:00-04:00,2020-05-30T10:27:00-04:00,18000,17160,0,1380,3,120,0,0,0,39,32,64,
2020-05-31T00:37:00-04:00,2020-05-31T04:33:00-04:00,5640,6900,0,1620,3,120,60,0,0,48,40,74,
2020-05-31T22:53:00-04:00,2020-06-01T07:25:00-04:00,15240,14040,0,1440,4,120,0,0,0,39,32,66,
2020-06-01T23:07:00-04:00,2020-06-02T06:54:00-04:00,11339,15061,0,1620,1,120,840,0,0,40,34,77,
2020-06-02T23:00:00-04:00,2020-06-03T06:59:00-04:00,13680,13380,0,1680,2,120,720,0,0,43,33,95,
2020-06-03T22:32:00-04:00,2020-06-04T07:27:00-04:00,19560,12120,0,420,1,120,60,0,0,41,33,90,
2020-06-05T00:20:00-04:00,2020-06-05T07:47:00-04:00,17280,9420,0,120,0,120,0,0,0,41,33,67,
2020-06-06T02:11:00-04:00,2020-06-06T08:08:00-04:00,9120,11280,0,1020,1,120,0,0,0,57,42,95,
2020-06-07T02:37:00-04:00,2020-06-07T08:12:00-04:00,13080,6720,0,300,0,120,180,0,0,52,42,110,
2020-06-07T23:33:00-04:00,2020-06-08T07:47:00-04:00,7500,21180,0,960,1,120,0,0,0,45,32,73,
2020-06-09T00:00:00-04:00,2020-06-09T08:00:00-04:00,14940,11880,0,1980,3,120,0,0,0,43,33,84,
2020-06-09T22:56:00-04:00,2020-06-10T07:59:00-04:00,16680,14820,0,1080,2,120,60,0,0,38,33,73,
2020-06-10T23:04:00-04:00,2020-06-11T07:45:00-04:00,15180,15240,0,840,2,120,0,0,0,36,32,59,
2020-06-11T23:38:00-04:00,2020-06-12T08:28:00-04:00,16980,11700,0,3120,5,120,120,0,0,42,33,103,
2020-06-12T23:22:00-04:00,2020-06-13T09:33:00-04:00,17580,18780,0,300,0,300,0,0,0,40,32,92,
2020-06-14T01:22:00-04:00,2020-06-14T09:16:00-04:00,16200,10500,0,1740,3,120,0,0,0,40,33,90,
2020-06-14T22:12:00-04:00,2020-06-15T07:29:00-04:00,19380,10980,0,3060,5,120,0,0,0,40,33,60,
2020-06-15T22:52:00-04:00,2020-06-16T07:01:00-04:00,11940,16560,0,840,2,120,60,0,0,38,32,73,
2020-06-16T23:37:00-04:00,2020-06-17T07:33:00-04:00,13680,13560,0,1320,3,120,0,0,0,44,33,85,
2020-06-17T23:50:00-04:00,2020-06-18T07:44:00-04:00,16560,11520,0,360,1,120,0,0,0,39,33,63,
2020-06-19T00:05:00-04:00,2020-06-19T08:01:00-04:00,17520,10260,0,780,2,120,0,0,0,38,32,81,
2020-06-20T01:37:00-04:00,2020-06-20T08:52:00-04:00,12360,13620,0,120,0,120,0,0,0,37,33,68,
2020-06-21T00:31:00-04:00,2020-06-21T09:17:00-04:00,17100,13680,0,780,1,120,0,0,0,40,32,69,
2020-06-21T23:19:00-04:00,2020-06-22T07:25:00-04:00,13920,12660,0,2580,4,120,0,0,0,39,32,84,
2020-06-22T23:31:00-04:00,2020-06-23T08:02:00-04:00,16320,12840,0,1500,4,120,0,0,0,38,33,61,
2020-06-23T22:30:00-04:00,2020-06-24T07:48:00-04:00,18480,12960,0,2040,1,120,600,0,0,44,33,95,
2020-06-25T23:02:00-04:00,2020-06-26T05:45:00-04:00,10740,12360,0,1080,1,120,600,0,0,37,33,57,
2020-06-26T23:42:00-04:00,2020-06-27T07:57:00-04:00,18060,10920,0,720,1,120,0,0,0,40,32,70,
2020-06-28T00:11:00-04:00,2020-06-28T07:24:00-04:00,10920,14400,0,660,1,120,0,0,0,46,32,82,
2020-06-29T00:22:00-04:00,2020-06-29T08:18:00-04:00,14280,13200,0,1080,0,120,960,0,0,39,32,66,
2020-06-29T22:46:00-04:00,2020-06-30T07:57:00-04:00,13920,17400,0,1740,5,120,0,0,0,41,32,74,
2020-06-30T23:00:00-04:00,2020-07-01T08:04:00-04:00,12780,19740,0,120,0,120,0,0,0,36,32,66,
2020-07-01T22:53:00-04:00,2020-07-02T08:02:00-04:00,21060,11340,0,540,2,120,0,0,0,44,32,99,
2020-07-03T00:25:00-04:00,2020-07-03T08:34:00-04:00,18180,9840,0,1320,1,120,540,0,0,39,32,64,
2020-07-04T00:04:00-04:00,2020-07-04T07:53:00-04:00,14460,13260,0,420,1,120,0,0,0,40,32,70,
2020-07-04T23:47:00-04:00,2020-07-05T08:17:00-04:00,17160,12600,0,840,2,120,360,0,0,38,33,84,
2020-07-05T23:01:00-04:00,2020-07-06T08:06:00-04:00,0,0,0,0,0,0,0,0,0,37,32,65,
2020-07-06T22:38:00-04:00,2020-07-07T08:11:00-04:00,0,0,0,0,0,0,0,0,0,38,32,72,
2020-07-07T23:25:00-04:00,2020-07-08T07:59:00-04:00,19680,9840,0,1320,2,120,360,0,0,37,32,68,
2020-07-08T23:48:00-04:00,2020-07-09T07:47:00-04:00,15840,12240,0,660,2,120,0,0,0,43,32,90,
2020-07-09T23:54:00-04:00,2020-07-10T07:45:00-04:00,12960,13560,0,1740,2,120,780,0,0,40,33,55,
2020-07-10T23:15:00-04:00,2020-07-11T04:12:00-04:00,10080,4920,0,2820,2,1740,0,0,0,43,35,89,
2020-07-11T22:52:00-04:00,2020-07-12T07:28:00-04:00,15660,13560,0,1740,4,120,720,0,0,39,32,88,
2020-07-12T23:55:00-04:00,2020-07-13T08:12:00-04:00,15360,13320,0,1140,2,120,0,0,0,41,33,78,
2020-07-13T23:40:00-04:00,2020-07-14T07:26:00-04:00,15840,10740,0,1380,4,120,0,0,0,40,31,90,
2020-07-15T00:30:00-04:00,2020-07-15T08:24:00-04:00,15360,12600,0,480,2,120,0,0,0,39,34,66,
2020-07-16T00:04:00-04:00,2020-07-16T07:47:00-04:00,15180,11340,0,1260,2,120,120,0,0,39,33,75,
2020-07-17T01:42:00-04:00,2020-07-17T08:06:00-04:00,10800,10620,0,1620,3,120,0,0,0,37,34,45,
2020-07-19T04:14:00-04:00,2020-07-19T07:40:00-04:00,6180,6060,0,120,0,120,0,0,0,37,33,68,
2020-07-19T23:52:00-04:00,2020-07-20T07:23:00-04:00,9960,16980,0,120,0,120,0,0,0,38,32,64,
2020-07-21T02:06:00-04:00,2020-07-21T07:55:00-04:00,10320,9780,0,840,1,120,0,0,0,42,32,102,
2020-07-22T01:19:00-04:00,2020-07-22T05:15:00-04:00,6480,5580,0,2100,2,120,840,0,0,47,32,91,
2020-07-23T00:12:00-04:00,2020-07-23T07:42:00-04:00,12480,14160,0,360,1,120,60,0,0,36,32,68,
2020-07-23T23:42:00-04:00,2020-07-24T07:36:00-04:00,15120,11880,0,1440,4,180,60,0,0,45,33,76,
2020-07-26T01:15:00-04:00,2020-07-26T08:09:00-04:00,11339,11161,0,2340,3,120,0,0,0,41,32,81,
2020-07-26T23:33:00-04:00,2020-07-27T07:17:00-04:00,16080,8340,0,3420,6,1020,0,0,0,38,32,67,
2020-07-27T23:08:00-04:00,2020-07-28T07:37:00-04:00,17580,10500,0,2460,6,120,0,0,0,48,32,94,
2020-07-31T01:26:00-04:00,2020-07-31T07:49:00-04:00,10140,10980,0,1860,4,120,0,0,0,39,33,62,
2020-08-03T23:27:00-04:00,2020-08-04T08:10:00-04:00,16740,13740,0,900,3,120,0,0,0,38,32,80,
2020-08-05T01:26:00-04:00,2020-08-05T08:11:00-04:00,11580,11160,0,1560,3,120,0,0,0,41,33,82,
2020-08-06T01:08:00-04:00,2020-08-06T07:50:00-04:00,10320,10680,0,3120,3,1320,480,0,0,42,32,90,
2020-08-07T00:20:00-04:00,2020-08-07T07:38:00-04:00,13140,12540,0,600,2,120,120,0,0,40,32,83,
2020-08-08T12:16:00-04:00,2020-08-08T19:09:00-04:00,10140,14340,0,300,0,300,0,0,0,106,106,106,
2020-08-12T00:52:00-04:00,2020-08-12T08:08:00-04:00,9840,14640,0,1680,1,120,780,0,0,42,32,73,
2020-08-18T01:35:00-04:00,2020-08-18T07:56:00-04:00,9300,12840,0,720,0,120,600,0,0,40,32,69,
2020-08-19T00:16:00-04:00,2020-08-19T08:14:00-04:00,13920,12900,0,1860,1,120,0,0,0,41,32,81,
2020-08-20T00:36:00-04:00,2020-08-20T07:38:00-04:00,11580,12300,0,1440,1,120,180,0,0,38,34,48,
2020-08-20T23:22:00-04:00,2020-08-21T08:38:00-04:00,19260,12780,0,1320,0,600,720,0,0,38,32,99,
2020-08-23T02:01:00-04:00,2020-08-23T07:27:00-04:00,10680,8100,0,780,2,120,180,0,0,43,34,70,
2020-08-25T01:08:00-04:00,2020-08-25T08:59:00-04:00,15660,11820,0,780,1,120,480,0,0,38,33,82,
2020-08-27T02:59:00-04:00,2020-08-27T07:23:00-04:00,7920,6780,0,1140,1,120,540,0,0,43,33,80,
2020-08-27T22:26:00-04:00,2020-08-28T08:30:00-04:00,15720,17700,0,2820,1,120,1860,0,0,42,32,62,
2020-08-29T00:52:00-04:00,2020-08-29T07:49:00-04:00,13200,9300,0,2520,4,120,120,0,0,46,33,82,
2020-08-30T22:58:00-04:00,2020-08-31T07:37:00-04:00,12900,17400,0,840,1,120,0,0,0,42,32,80,
2020-09-01T00:39:00-04:00,2020-09-01T08:08:00-04:00,9540,15300,0,2100,2,120,960,0,0,42,35,105,
2020-09-02T23:32:00-04:00,2020-09-03T04:05:00-04:00,6060,9840,0,480,1,120,180,0,0,47,34,88,
2020-09-04T01:57:00-04:00,2020-09-04T07:48:00-04:00,7860,11400,0,1800,3,120,120,0,0,36,33,48,
2020-09-04T23:09:00-04:00,2020-09-05T07:50:00-04:00,14580,14160,0,2520,4,120,120,0,0,40,32,83,
2020-09-05T22:31:00-04:00,2020-09-06T05:20:00-04:00,9720,14640,0,180,0,120,60,0,0,39,32,77,
2020-09-07T00:26:00-04:00,2020-09-07T07:05:00-04:00,14880,8040,0,1020,1,120,540,0,0,41,33,77,
2020-09-07T23:25:00-04:00,2020-09-08T08:08:00-04:00,11100,16920,0,3360,5,120,240,0,0,39,32,62,
2020-09-09T23:02:00-04:00,2020-09-10T08:07:00-04:00,17340,12840,0,2520,2,240,60,0,0,41,33,94,
2020-09-10T23:35:00-04:00,2020-09-11T07:55:00-04:00,15720,12840,0,1440,2,720,0,0,0,46,32,95,
2020-09-12T00:53:00-04:00,2020-09-12T07:13:00-04:00,11340,11220,0,240,0,120,120,0,0,50,38,92,
2020-09-15T00:40:00-04:00,2020-09-15T06:04:00-04:00,8820,8760,0,1860,3,120,420,0,0,36,33,54,
2020-09-16T00:08:00-04:00,2020-09-16T08:54:00-04:00,16260,13560,0,1740,3,120,0,0,0,38,32,69,
2020-09-17T00:38:00-04:00,2020-09-17T06:35:00-04:00,9960,10740,0,720,0,120,600,0,0,51,32,89,
2020-09-17T23:58:00-04:00,2020-09-18T08:14:00-04:00,13201,13019,0,3540,6,120,0,0,0,47,37,58,
2020-09-19T02:13:00-04:00,2020-09-19T08:08:00-04:00,11820,7800,0,1680,2,300,240,0,0,45,35,78,
2020-09-20T01:42:00-04:00,2020-09-20T09:02:00-04:00,14580,10080,0,1740,3,120,0,0,0,49,35,98,
2020-09-20T23:37:00-04:00,2020-09-21T07:37:00-04:00,8941,17999,0,1860,3,120,60,0,0,50,34,88,
2020-09-21T23:58:00-04:00,2020-09-22T07:33:00-04:00,13500,12060,0,1740,4,0,0,0,0,42,34,76,
2020-09-22T23:29:00-04:00,2020-09-23T08:10:00-04:00,15660,12780,0,2820,4,120,120,0,0,46,34,79,
2020-09-23T23:32:00-04:00,2020-09-24T04:06:00-04:00,9240,7080,0,120,0,120,0,0,0,43,33,62,
2020-09-25T23:48:00-04:00,2020-09-26T07:58:00-04:00,18000,8340,0,3060,4,120,0,0,0,45,33,84,
2020-09-27T00:33:00-04:00,2020-09-27T08:16:00-04:00,15960,9900,0,1920,2,180,0,0,0,47,36,96,
2020-09-27T23:33:00-04:00,2020-09-28T08:06:00-04:00,17460,11880,0,1440,1,120,420,0,0,38,32,52,
2020-09-28T23:56:00-04:00,2020-09-29T08:01:00-04:00,15780,12780,0,540,1,0,240,0,0,41,33,63,
2020-09-29T23:34:00-04:00,2020-09-30T05:42:00-04:00,12300,7080,0,2700,5,120,0,0,0,41,33,85,
2020-10-01T01:34:00-04:00,2020-10-01T07:40:00-04:00,9540,9780,0,2640,4,240,0,0,0,43,31,75,
2020-10-02T02:41:00-04:00,2020-10-02T07:18:00-04:00,10680,5400,0,540,2,120,0,0,0,40,33,65,
2020-10-04T23:11:00-04:00,2020-10-05T07:45:00-04:00,15300,12900,0,2640,4,120,0,0,0,40,32,85,
2020-10-05T23:40:00-04:00,2020-10-06T07:31:00-04:00,12660,14220,0,1380,2,120,60,0,0,36,32,58,
2020-10-07T00:36:00-04:00,2020-10-07T08:00:00-04:00,15119,9540,0,1981,6,120,0,0,0,47,32,117,
2020-10-07T23:10:00-04:00,2020-10-08T07:01:00-04:00,14820,11820,0,1620,1,120,0,0,0,39,32,85,
2020-10-08T23:25:00-04:00,2020-10-09T07:49:00-04:00,15600,13800,0,840,2,120,0,0,0,40,33,97,
2020-10-10T00:47:00-04:00,2020-10-10T08:10:00-04:00,15480,9240,0,1860,2,120,240,0,0,39,32,72,
2020-10-11T01:13:00-04:00,2020-10-11T09:17:00-04:00,16920,10500,0,1620,3,120,0,0,0,40,33,64,
2020-10-11T23:21:00-04:00,2020-10-12T08:00:00-04:00,12780,14400,0,3960,5,120,420,0,0,45,33,96,
2020-10-13T22:56:00-04:00,2020-10-14T07:36:00-04:00,15600,11520,0,4080,6,120,0,0,0,41,31,89,
2020-10-14T22:13:00-04:00,2020-10-15T07:56:00-04:00,17220,16140,0,1620,2,120,360,0,0,37,32,79,
2020-10-16T00:28:00-04:00,2020-10-16T08:17:00-04:00,14520,12600,0,1020,1,120,120,0,0,38,33,97,
2020-10-17T00:21:00-04:00,2020-10-17T09:26:00-04:00,12780,15720,0,4200,7,120,0,0,0,45,31,96,
2020-10-18T22:25:00-04:00,2020-10-19T07:38:00-04:00,15180,14820,0,3180,4,120,480,0,0,42,32,85,
2020-10-19T23:13:00-04:00,2020-10-20T07:46:00-04:00,13860,16200,0,720,2,120,0,0,0,39,32,90,
2020-10-21T00:44:00-04:00,2020-10-21T08:13:00-04:00,11220,12900,0,2820,3,120,360,0,0,54,39,93,
2020-10-21T23:08:00-04:00,2020-10-22T07:41:00-04:00,16140,14340,0,300,1,120,0,0,0,42,33,72,
2020-10-22T23:50:00-04:00,2020-10-23T07:30:00-04:00,12420,12300,0,2880,2,120,540,0,0,39,32,67,
2020-10-25T03:13:00-04:00,2020-10-25T10:03:00-04:00,14460,8940,0,1200,1,120,60,0,0,47,40,61,
2020-10-26T23:08:00-04:00,2020-10-27T07:53:00-04:00,18060,12540,0,900,2,180,180,0,0,40,33,78,
2020-10-28T00:00:00-04:00,2020-10-28T10:24:00-04:00,19319,14161,0,3960,4,120,180,0,0,45,33,86,
2020-10-29T00:13:00-04:00,2020-10-29T08:09:00-04:00,14460,12420,0,1680,3,120,120,0,0,45,33,104,
2020-10-29T23:52:00-04:00,2020-10-30T08:12:00-04:00,17100,10620,0,2280,4,120,0,0,0,39,33,80,
2020-10-31T22:43:00-04:00,2020-11-01T04:00:00-05:00,10200,10020,0,2400,2,120,1200,0,0,50,35,137,
2020-11-01T23:07:00-05:00,2020-11-02T07:50:00-05:00,15360,14160,0,1860,2,240,0,0,0,36,32,74,
2020-11-03T00:07:00-05:00,2020-11-03T08:02:00-05:00,12360,13560,0,2580,2,120,240,0,0,38,33,67,
2020-11-04T00:33:00-05:00,2020-11-04T10:10:00-05:00,19080,13200,0,2340,2,120,120,0,0,41,32,92,
2020-11-04T23:30:00-05:00,2020-11-05T08:12:00-05:00,17640,10680,0,3000,4,120,180,0,0,38,33,91,
2020-11-06T00:10:00-05:00,2020-11-06T08:25:00-05:00,15300,12540,0,1860,4,120,0,0,0,44,33,84,
2020-11-08T02:20:00-05:00,2020-11-08T10:09:00-05:00,14340,10500,0,3300,4,120,300,0,0,50,36,99,
2020-11-09T00:08:00-05:00,2020-11-09T07:55:00-05:00,12900,12900,0,2220,5,120,420,0,0,37,32,91,
2020-11-09T23:11:00-05:00,2020-11-10T07:33:00-05:00,12060,16560,0,1500,2,660,60,0,0,38,33,63,
2020-11-10T23:19:00-05:00,2020-11-11T08:05:00-05:00,13260,16380,0,1920,2,120,300,0,0,39,33,115,
2020-11-11T23:57:00-05:00,2020-11-12T07:59:00-05:00,16080,10020,0,2820,4,0,0,0,0,37,33,95,
2020-11-12T23:48:00-05:00,2020-11-13T08:37:00-05:00,14040,15780,0,1920,3,120,0,0,0,37,32,87,
2020-11-13T22:33:00-05:00,2020-11-14T07:04:00-05:00,14460,15180,0,1020,0,180,840,0,0,39,33,47,
2020-11-17T23:19:00-05:00,2020-11-18T07:10:00-05:00,13740,13380,0,1140,1,120,480,0,0,41,32,86,
2020-11-18T22:53:00-05:00,2020-11-19T05:49:00-05:00,8880,15360,0,720,1,120,180,0,0,40,33,70,
2020-11-19T23:09:00-05:00,2020-11-20T07:25:00-05:00,14880,13680,0,1200,1,120,120,0,0,37,32,68,
2020-11-21T22:32:00-05:00,2020-11-22T09:14:00-05:00,21120,14940,0,2460,4,120,0,0,0,36,32,59,
2020-11-24T23:02:00-05:00,2020-11-25T07:58:00-05:00,19620,12240,0,300,1,120,0,0,0,43,32,76,
2020-11-26T23:13:00-05:00,2020-11-27T08:26:00-05:00,19980,11640,0,1560,2,180,0,0,0,37,33,70,
2020-11-27T23:39:00-05:00,2020-11-28T08:31:00-05:00,14940,15660,0,1320,2,120,120,0,0,41,33,75,
2020-11-28T23:43:00-05:00,2020-11-29T08:04:00-05:00,21360,6720,0,420,1,0,240,0,0,42,31,79,
2020-11-29T23:42:00-05:00,2020-11-30T08:30:00-05:00,15480,13260,0,1260,2,0,60,0,0,41,32,79,
2020-11-30T23:39:00-05:00,2020-12-01T08:06:00-05:00,13380,9000,0,180,1,0,0,0,0,38,32,92,
2020-12-01T23:13:00-05:00,2020-12-02T07:33:00-05:00,15180,6240,0,0,0,0,0,0,0,40,32,79,
2020-12-02T22:29:00-05:00,2020-12-03T05:54:00-05:00,9420,9960,0,600,1,0,0,0,0,39,32,74,
2020-12-03T23:31:00-05:00,2020-12-04T08:24:00-05:00,16800,15060,0,120,0,120,0,0,0,36,32,50,
2020-12-04T23:15:00-05:00,2020-12-05T09:00:00-05:00,23460,7560,0,4080,5,120,0,0,0,42,33,89,
2020-12-06T01:49:00-05:00,2020-12-06T09:38:00-05:00,12660,14880,0,600,1,120,60,0,0,44,33,97,
2020-12-10T01:38:00-05:00,2020-12-10T08:40:00-05:00,12000,11580,0,1740,3,120,0,0,0,39,33,84,
2020-12-11T00:05:00-05:00,2020-12-11T07:38:00-05:00,14820,11100,0,1260,2,120,360,0,0,41,33,60,
2020-12-11T23:28:00-05:00,2020-12-12T08:46:00-05:00,23580,8040,0,1860,2,300,0,0,0,47,35,92,
2020-12-13T01:01:00-05:00,2020-12-13T08:03:00-05:00,17220,7920,0,180,0,120,60,0,0,51,38,102,
2020-12-13T23:12:00-05:00,2020-12-14T07:27:00-05:00,18600,9600,0,1500,1,120,240,0,0,36,32,56,
2020-12-14T21:24:00-05:00,2020-12-15T04:29:00-05:00,13260,10680,0,1560,3,120,0,0,0,42,33,80,
2020-12-16T21:25:00-05:00,2020-12-17T08:06:00-05:00,22681,14399,0,1380,2,120,60,0,0,39,32,80,
2020-12-17T23:11:00-05:00,2020-12-18T06:21:00-05:00,13440,10080,0,2280,3,120,60,0,0,41,32,80,
2020-12-19T00:42:00-05:00,2020-12-19T07:59:00-05:00,12780,12120,0,1320,1,120,180,0,0,47,33,93,
2020-12-20T00:39:00-05:00,2020-12-20T09:44:00-05:00,15540,15060,0,2100,1,180,1020,0,0,37,32,71,
2020-12-20T23:27:00-05:00,2020-12-21T07:47:00-05:00,15240,12720,0,2040,4,120,240,0,0,39,32,72,
2020-12-21T22:05:00-05:00,2020-12-22T08:11:00-05:00,19020,16380,0,960,1,120,0,0,0,37,32,64,
2020-12-22T23:35:00-05:00,2020-12-23T08:13:00-05:00,13740,12600,0,360,1,120,60,0,0,42,33,86,
2020-12-24T00:22:00-05:00,2020-12-24T09:10:00-05:00,17880,12480,0,1320,2,120,0,0,0,37,33,78,
2020-12-25T00:09:00-05:00,2020-12-25T07:49:00-05:00,13440,13320,0,840,2,120,0,0,0,39,32,72,
2020-12-25T22:36:00-05:00,2020-12-26T08:13:00-05:00,20880,13200,0,540,1,120,240,0,0,42,32,74,
2020-12-27T00:57:00-05:00,2020-12-27T08:04:00-05:00,13200,11820,0,600,2,120,120,0,0,42,33,71,
2020-12-28T23:02:00-05:00,2020-12-29T07:40:00-05:00,12540,17460,0,1080,1,120,180,0,0,38,32,101,
2020-12-30T00:02:00-05:00,2020-12-30T07:53:00-05:00,16620,8880,0,2760,3,120,60,0,0,41,33,85,
2020-12-30T22:58:00-05:00,2020-12-31T09:18:00-05:00,19500,15540,0,2160,2,120,360,0,0,42,33,85,
2021-01-01T03:04:00-05:00,2021-01-01T10:11:00-05:00,11340,12420,0,1860,1,120,540,0,0,48,41,113,
2021-01-01T23:46:00-05:00,2021-01-02T08:17:00-05:00,16860,12900,0,900,1,120,0,0,0,37,32,52,
2021-01-03T01:00:00-05:00,2021-01-03T07:55:00-05:00,11520,13200,0,180,0,120,60,0,0,39,32,84,
2021-01-03T23:58:00-05:00,2021-01-04T08:19:00-05:00,13500,15360,0,1200,1,120,120,0,0,38,33,81,
2021-01-04T23:22:00-05:00,2021-01-05T08:19:00-05:00,19620,10500,0,2100,3,120,180,0,0,0,0,0,
2021-01-06T00:02:00-05:00,2021-01-06T07:27:01-05:00,12660,13921,0,120,0,120,0,0,0,42,34,75,
2021-01-06T23:02:00-05:00,2021-01-07T07:43:00-05:00,18180,11760,0,1320,2,120,60,0,0,37,32,83,
2021-01-07T22:37:00-05:00,2021-01-08T05:38:00-05:00,15660,8640,0,960,1,120,300,0,0,38,34,72,
2021-01-09T00:15:00-05:00,2021-01-09T08:46:00-05:00,16260,13020,0,1380,2,120,120,0,0,42,33,95,
2021-01-10T01:30:00-05:00,2021-01-10T09:52:00-05:00,17760,10680,0,1680,2,120,480,0,0,43,34,54,
2021-01-11T00:09:00-05:00,2021-01-11T08:13:00-05:00,14700,12960,0,1380,2,120,360,0,0,38,32,79,
2021-01-13T23:15:00-05:00,2021-01-14T08:25:00-05:00,19619,11941,0,1440,2,120,60,0,0,41,33,88,
2021-01-14T22:54:00-05:00,2021-01-15T08:19:00-05:00,14400,17460,0,2040,2,300,480,0,0,42,32,92,
2021-01-16T00:37:00-05:00,2021-01-16T07:35:00-05:00,14280,9600,0,1200,2,120,120,0,0,39,33,80,
2021-01-17T00:21:00-05:00,2021-01-17T08:26:00-05:00,15960,11520,0,1620,2,120,120,0,0,41,32,93,
2021-01-17T23:05:00-05:00,2021-01-18T07:40:00-05:00,14700,15240,0,960,2,120,60,0,0,44,32,92,
2021-01-19T00:41:00-05:00,2021-01-19T08:16:00-05:00,13800,12720,0,780,0,120,660,0,0,39,32,59,
2021-01-19T20:40:00-05:00,2021-01-20T07:24:00-05:00,13920,12720,0,1140,2,0,120,0,0,39,33,83,
2021-01-20T23:11:00-05:00,2021-01-21T07:45:00-05:00,10380,18660,0,1800,1,120,360,0,0,44,32,86,
2021-01-21T23:06:00-05:00,2021-01-22T07:21:00-05:00,17580,10320,0,1800,1,120,780,0,0,43,32,88,
2021-01-23T00:05:00-05:00,2021-01-23T07:25:00-05:00,10560,14940,0,900,1,120,0,0,0,44,38,65,
2021-01-24T23:16:00-05:00,2021-01-25T07:29:00-05:00,15540,13440,0,600,0,120,480,0,0,47,32,82,
2021-01-26T23:23:00-05:00,2021-01-27T09:33:00-05:00,20640,12120,0,3840,8,180,60,0,0,40,32,99,
2021-01-27T22:35:00-05:00,2021-01-28T07:32:00-05:00,15000,16140,0,1080,1,120,120,0,0,37,31,84,
2021-01-30T00:01:00-05:00,2021-01-30T07:33:00-05:00,13500,13080,0,540,1,120,240,0,0,43,33,87,
2021-01-30T22:56:00-05:00,2021-01-31T08:28:00-05:00,16200,16620,0,1500,3,120,0,0,0,36,32,47,
2021-01-31T23:45:00-05:00,2021-02-01T08:01:00-05:00,16200,13200,0,360,0,120,240,0,0,41,32,78,
2021-02-01T23:56:00-05:00,2021-02-02T07:26:00-05:00,15720,9600,0,1680,1,120,240,0,0,41,32,80,
2021-02-02T23:05:00-05:00,2021-02-03T07:45:00-05:00,11820,17520,0,1860,1,120,780,0,0,43,32,77,
2021-02-04T00:21:00-05:00,2021-02-04T08:21:00-05:00,18720,9060,0,1020,1,120,0,0,0,39,31,64,
2021-02-06T23:20:00-05:00,2021-02-07T08:10:00-05:00,19380,11880,0,540,1,120,120,0,0,41,32,84,
2021-02-07T23:18:00-05:00,2021-02-08T07:26:00-05:00,12960,15720,0,600,1,240,180,0,0,38,32,64,
2021-02-08T23:04:00-05:00,2021-02-09T09:17:00-05:00,18180,16020,0,2580,2,120,0,0,0,36,33,72,
2021-02-09T23:09:00-05:00,2021-02-10T08:05:00-05:00,14640,13380,0,4140,5,120,0,0,0,40,32,83,
2021-02-10T23:11:00-05:00,2021-02-11T06:57:00-05:00,16260,11400,0,300,0,120,180,0,0,37,33,81,
2021-02-12T23:08:00-05:00,2021-02-13T06:31:00-05:00,14760,11040,0,780,2,120,60,0,0,38,32,47,
2021-02-13T23:10:00-05:00,2021-02-14T08:38:00-05:00,16020,15600,0,2460,2,120,120,0,0,0,0,0,
2021-02-15T00:09:00-05:00,2021-02-15T07:01:00-05:00,12120,10380,0,2220,2,120,120,0,0,40,32,78,
2021-02-15T23:37:00-05:00,2021-02-16T08:38:00-05:00,20940,9780,0,1740,1,120,120,0,0,39,32,92,
2021-02-16T23:12:00-05:00,2021-02-17T07:09:00-05:00,14880,13140,0,600,0,300,300,0,0,46,32,85,
2021-02-17T23:27:00-05:00,2021-02-18T08:15:00-05:00,17340,12360,0,1980,5,120,180,0,0,39,32,81,
2021-02-18T22:37:00-05:00,2021-02-19T07:09:00-05:00,14220,14820,0,1680,2,120,0,0,0,36,32,85,
2021-02-20T00:09:00-05:00,2021-02-20T07:12:00-05:00,10380,14100,0,900,2,120,180,0,0,39,32,76,
2021-02-21T01:10:00-05:00,2021-02-21T08:07:00-05:00,13620,9540,0,1860,2,120,420,0,0,48,36,118,
2021-02-22T00:16:00-05:00,2021-02-22T07:43:00-05:00,11040,15600,0,180,0,180,0,0,0,40,32,86,
2021-02-22T22:40:00-05:00,2021-02-23T07:41:00-05:00,13920,16440,0,2100,3,120,240,0,0,36,32,64,
2021-02-23T21:58:00-05:00,2021-02-24T08:00:00-05:00,15600,12300,0,840,1,0,0,0,0,36,32,74,
2021-02-24T22:36:00-05:00,2021-02-25T06:30:00-05:00,16980,9660,0,1800,3,120,60,0,0,36,33,42,
2021-02-25T22:24:00-05:00,2021-02-26T08:36:00-05:00,14700,20880,0,1140,1,120,120,0,0,38,33,89,
2021-02-28T23:28:00-05:00,2021-03-01T08:15:00-05:00,14220,15300,0,2100,3,120,0,0,0,38,32,111,
2021-03-01T23:10:00-05:00,2021-03-02T07:49:00-05:00,20279,9961,0,900,1,120,120,0,0,38,32,86,
2021-03-02T22:56:00-05:00,2021-03-03T07:26:00-05:00,13860,15360,0,1380,2,120,60,0,0,38,32,83,
2021-03-03T23:31:00-05:00,2021-03-04T07:29:00-05:00,15480,12660,0,540,1,120,180,0,0,37,32,80,
2021-03-04T23:51:00-05:00,2021-03-05T07:54:00-05:00,16560,11160,0,1260,2,120,0,0,0,39,33,68,
2021-03-05T23:50:00-05:00,2021-03-06T08:23:00-05:00,16440,12180,0,2160,2,120,0,0,0,49,35,89,
2021-03-09T23:57:00-05:00,2021-03-10T07:59:00-05:00,12420,15060,0,1440,2,120,0,0,0,40,32,80,
2021-03-11T04:36:00-05:00,2021-03-11T10:36:00-05:00,9120,10140,0,2340,3,120,60,0,0,39,33,54,
2021-03-12T00:58:00-05:00,2021-03-12T10:08:00-05:00,16680,15540,0,780,2,120,300,0,0,37,32,62,
2021-03-13T02:25:00-05:00,2021-03-13T07:21:00-05:00,5100,12540,0,120,0,120,0,0,0,45,38,87,
2021-03-14T05:15:00-04:00,2021-03-14T12:56:00-04:00,12120,12180,0,3360,2,120,120,0,0,46,35,71,
2021-03-16T01:59:00-04:00,2021-03-16T08:14:00-04:00,8220,14040,0,240,0,120,120,0,0,52,34,77,
2021-03-17T00:17:00-04:00,2021-03-17T08:38:00-04:00,12420,16140,0,1500,2,120,0,0,0,47,33,116,
2021-03-18T00:21:00-04:00,2021-03-18T09:00:00-04:00,19140,11340,0,660,1,120,0,0,0,42,32,78,
2021-03-18T23:55:00-04:00,2021-03-19T07:12:00-04:00,10560,13500,0,2160,3,120,0,0,0,43,32,70,
2021-03-20T00:13:00-04:00,2021-03-20T09:48:00-04:00,18000,15120,0,1380,3,120,0,0,0,45,32,85,
2021-03-21T00:21:00-04:00,2021-03-21T04:40:00-04:00,4740,9300,0,1500,2,120,360,0,0,46,35,103,
2021-03-21T23:58:00-04:00,2021-03-22T08:20:00-04:00,11220,17280,0,1620,1,120,600,0,0,40,32,97,
2021-03-22T23:01:00-04:00,2021-03-23T08:17:00-04:00,18120,11520,0,3720,6,120,120,0,0,47,32,116,
2021-03-24T01:53:00-04:00,2021-03-24T08:58:00-04:00,12120,12480,0,900,1,120,0,0,0,50,39,114,
2021-03-24T23:55:00-04:00,2021-03-25T07:31:00-04:00,10140,16260,0,960,2,120,180,0,0,42,32,76,
2021-03-25T23:10:00-04:00,2021-03-26T07:53:00-04:00,16020,13200,0,2160,2,120,0,0,0,43,32,83,
2021-03-28T00:55:00-04:00,2021-03-28T10:02:00-04:00,14100,16860,0,1860,1,120,300,0,0,45,33,95,
2021-03-28T23:47:00-04:00,2021-03-29T08:06:00-04:00,12300,16680,0,960,1,120,600,0,0,43,32,80,
2021-03-31T23:42:00-04:00,2021-04-01T08:11:00-04:00,16320,13860,0,360,0,120,240,0,0,46,33,79,
2021-04-03T01:01:00-04:00,2021-04-03T09:24:00-04:00,11820,17160,0,1200,2,120,360,0,0,39,33,74,
2021-04-04T00:33:00-04:00,2021-04-04T09:11:00-04:00,17160,12780,0,1140,1,120,60,0,0,40,32,83,
2021-04-04T23:53:00-04:00,2021-04-05T07:26:00-04:00,14340,11580,0,1260,1,120,300,0,0,37,32,61,
2021-04-06T00:10:00-04:00,2021-04-06T08:42:00-04:00,11280,17520,0,1920,2,720,0,0,0,43,33,75,
2021-04-07T22:59:00-04:00,2021-04-08T08:08:00-04:00,16860,15720,0,360,1,120,60,0,0,41,33,71,
2021-04-09T00:06:00-04:00,2021-04-09T07:55:00-04:00,15420,11460,0,1260,1,120,300,0,0,38,33,98,
2021-04-10T00:03:00-04:00,2021-04-10T09:25:00-04:00,22620,9720,0,1380,1,1080,0,0,0,39,33,77,
2021-04-11T00:40:00-04:00,2021-04-11T09:27:00-04:00,18240,11460,0,1920,1,120,540,0,0,46,35,95,
2021-04-11T23:14:00-04:00,2021-04-12T08:07:00-04:00,15600,15420,0,960,1,120,0,0,0,37,32,72,
2021-04-13T22:38:00-04:00,2021-04-14T06:43:00-04:00,21540,6240,0,1320,2,120,0,0,0,51,38,96,
2021-04-14T23:18:00-04:00,2021-04-15T08:00:00-04:00,12480,17640,0,1200,2,120,0,0,0,39,31,78,
2021-04-16T01:29:00-04:00,2021-04-16T07:52:00-04:00,12840,9960,0,180,0,120,60,0,0,36,32,47,
2021-04-17T00:14:00-04:00,2021-04-17T07:55:00-04:00,15060,11400,0,1200,1,120,180,0,0,43,34,76,
2021-04-18T23:06:00-04:00,2021-04-19T07:48:00-04:00,12840,17700,0,780,1,120,240,0,0,37,32,74,
2021-04-19T23:47:00-04:00,2021-04-20T07:45:00-04:00,20400,7320,0,960,2,120,180,0,0,37,32,64,
2021-04-20T22:37:00-04:00,2021-04-21T07:53:00-04:00,19860,11820,0,1680,2,180,300,0,0,41,33,80,
2021-04-21T23:59:00-04:00,2021-04-22T08:09:00-04:00,15240,11460,0,2700,3,120,660,0,0,41,32,85,
2021-04-23T23:57:00-04:00,2021-04-24T07:59:00-04:00,16440,11940,0,540,1,120,60,0,0,38,33,73,
2021-04-25T00:05:00-04:00,2021-04-25T06:39:00-04:00,12060,10560,0,1020,1,180,180,0,0,40,33,80,
2021-04-26T23:53:00-04:00,2021-04-27T07:33:00-04:00,16920,10260,0,420,0,120,300,0,0,42,31,70,
2021-04-28T00:22:00-04:00,2021-04-28T07:37:00-04:00,13740,10800,0,1560,2,120,180,0,0,38,32,74,
2021-04-28T22:47:00-04:00,2021-04-29T08:05:00-04:00,17880,13860,0,1740,1,120,360,0,0,38,32,76,
2021-04-29T22:22:00-04:00,2021-04-30T08:11:00-04:00,14100,19560,0,1680,2,120,300,0,0,37,32,66,
2021-05-01T00:30:00-04:00,2021-05-01T08:09:00-04:00,17760,7380,0,2400,2,120,360,0,0,40,33,88,
2021-05-02T00:17:00-04:00,2021-05-02T11:08:00-04:00,21720,14100,0,3240,3,120,0,0,0,44,34,109,
2021-05-02T22:39:00-04:00,2021-05-03T08:10:00-04:00,16740,16440,0,1080,1,120,0,0,0,37,31,65,
2021-05-03T23:26:00-04:00,2021-05-04T08:37:00-04:00,18300,13560,0,1200,1,120,120,0,0,39,33,77,
2021-05-04T23:12:00-04:00,2021-05-05T06:36:00-04:00,12840,13020,0,780,1,180,420,0,0,36,32,67,
2021-05-06T01:11:00-04:00,2021-05-06T07:30:00-04:00,11640,10680,0,420,1,120,120,0,0,38,34,76,
2021-05-08T03:03:00-04:00,2021-05-08T08:51:00-04:00,7260,13380,0,240,0,120,120,0,0,48,43,80,
2021-05-09T02:03:00-04:00,2021-05-09T09:20:00-04:00,10678,15241,0,301,0,121,180,0,0,41,33,76,
2021-05-11T00:20:00-04:00,2021-05-11T07:31:00-04:00,13920,11640,0,300,1,120,0,0,0,38,32,71,
2021-05-12T00:11:00-04:00,2021-05-12T05:26:00-04:00,10320,6960,0,1620,1,120,540,0,0,40,32,86,
2021-05-12T23:58:00-04:00,2021-05-13T08:01:00-04:00,14460,14040,0,480,1,120,120,0,0,38,32,71,
2021-05-14T00:18:00-04:00,2021-05-14T08:19:00-04:00,15180,12420,0,1260,3,120,180,0,0,40,32,83,
2021-05-14T23:51:00-04:00,2021-05-15T08:01:00-04:00,17040,10800,0,1560,2,120,240,0,0,45,33,97,
2021-05-16T01:39:00-04:00,2021-05-16T05:15:00-04:00,5820,6120,0,1020,1,120,0,0,0,42,35,55,
2021-05-16T23:05:00-04:00,2021-05-17T07:23:00-04:00,14820,14400,0,660,1,120,0,0,0,41,32,63,
2021-05-18T00:20:00-04:00,2021-05-18T07:21:00-04:00,11340,13800,0,120,0,120,0,0,0,43,32,77,
2021-05-19T01:02:00-04:00,2021-05-19T07:03:00-04:00,8520,12900,0,240,0,120,120,0,0,39,32,80,
2021-05-20T00:08:00-04:00,2021-05-20T07:15:00-04:00,12660,11880,0,1080,1,120,0,0,0,47,35,81,
2021-05-20T23:09:00-04:00,2021-05-21T06:44:00-04:00,10920,14280,0,2100,2,120,0,0,0,40,32,89,
2021-05-22T01:43:00-04:00,2021-05-22T09:43:00-04:00,12420,12660,0,3720,4,120,720,0,0,42,33,85,
2021-05-23T00:56:00-04:00,2021-05-23T08:24:00-04:00,17399,8701,0,780,1,120,60,0,0,45,33,84,
2021-05-24T01:22:00-04:00,2021-05-24T08:09:00-04:00,12720,10980,0,720,1,120,240,0,0,37,33,82,
2021-05-24T23:48:00-04:00,2021-05-25T08:08:00-04:00,11880,17700,0,420,0,120,300,0,0,36,33,49,
2021-05-25T23:20:00-04:00,2021-05-26T07:42:00-04:00,14280,13440,0,2400,5,120,180,0,0,38,33,57,
2021-05-27T00:19:00-04:00,2021-05-27T09:02:00-04:00,15600,13920,0,1860,2,120,180,0,0,40,33,85,
2021-05-27T23:18:00-04:00,2021-05-28T08:02:00-04:00,14220,15540,0,1680,1,120,0,0,0,37,33,74,
2021-05-29T00:00:00-04:00,2021-05-29T08:12:00-04:00,14760,13020,0,1740,1,120,600,0,0,44,33,87,
2021-05-30T01:44:00-04:00,2021-05-30T09:10:00-04:00,13080,11940,0,1740,1,120,60,0,0,51,38,120,
2021-06-03T23:40:00-04:00,2021-06-04T08:04:00-04:00,14460,15420,0,360,0,120,240,0,0,41,32,87,
2021-06-06T01:51:00-04:00,2021-06-06T10:37:00-04:00,15120,13920,0,2520,4,120,0,0,0,49,32,108,
2021-06-07T23:35:00-04:00,2021-06-08T07:45:00-04:00,12540,15840,0,1020,1,120,720,0,0,45,32,78,
2021-06-09T00:08:00-04:00,2021-06-09T08:07:00-04:00,16440,10980,0,1320,1,120,180,0,0,36,31,78,
2021-06-11T00:37:00-04:00,2021-06-11T07:26:00-04:00,9540,14520,0,480,0,120,360,0,0,40,34,71,
2021-06-12T00:46:00-04:00,2021-06-12T07:47:00-04:00,8160,15780,0,1320,1,120,420,0,0,48,39,83,
2021-06-13T00:34:00-04:00,2021-06-13T09:28:00-04:00,11280,17100,0,3660,2,120,0,0,0,43,32,111,
2021-06-13T22:42:00-04:00,2021-06-14T08:13:00-04:00,16920,15060,0,2280,3,120,180,0,0,41,32,74,
2021-06-15T00:02:00-04:00,2021-06-15T08:28:00-04:00,15000,14340,0,1020,2,120,0,0,0,36,32,91,
2021-06-16T00:33:00-04:00,2021-06-16T08:43:00-04:00,18360,9420,0,1620,3,120,0,0,0,39,32,79,
2021-06-16T22:48:00-04:00,2021-06-17T08:18:00-04:00,14880,17880,0,1440,2,120,0,0,0,41,32,97,
2021-06-18T00:06:00-04:00,2021-06-18T07:09:00-04:00,10860,13620,0,900,0,120,780,0,0,39,33,81,
2021-06-19T02:31:00-04:00,2021-06-19T07:59:00-04:00,9540,9300,0,840,1,120,120,0,0,38,32,60,
2021-06-20T02:22:00-04:00,2021-06-20T06:26:00-04:00,5520,9000,0,120,0,120,0,0,0,41,32,73,
2021-06-20T23:26:00-04:00,2021-06-21T08:29:00-04:00,15180,15780,0,1620,2,120,360,0,0,47,32,82,
2021-06-21T23:01:00-04:00,2021-06-22T08:47:00-04:00,17939,15361,0,1860,2,120,0,0,0,39,33,50,
2021-06-22T23:15:00-04:00,2021-06-23T07:59:00-04:00,14699,15961,0,780,2,120,0,0,0,40,34,75,
2021-06-24T01:08:00-04:00,2021-06-24T08:09:00-04:00,14520,9840,0,900,1,120,0,0,0,40,32,77,
2021-06-24T23:49:00-04:00,2021-06-25T07:57:00-04:00,13320,15600,0,360,0,120,240,0,0,36,32,64,
2021-06-26T04:35:00-04:00,2021-06-26T10:01:00-04:00,8280,10080,0,1200,2,120,60,0,0,53,40,102,
2021-06-27T03:27:00-04:00,2021-06-27T09:31:00-04:00,6660,13800,0,1380,2,120,0,0,0,49,40,95,
2021-06-27T22:45:00-04:00,2021-06-28T08:25:00-04:00,14460,16860,0,3480,5,120,120,0,0,39,32,89,
2021-06-28T23:15:00-04:00,2021-06-29T08:11:00-04:00,18120,13020,0,1020,1,120,60,0,0,38,32,78,
2021-06-30T00:06:00-04:00,2021-06-30T08:10:00-04:00,12659,16261,0,120,0,120,0,0,0,37,32,90,
2021-07-01T00:16:00-04:00,2021-07-01T07:56:00-04:00,8400,18240,0,960,1,120,0,0,0,42,31,84,
2021-07-01T23:37:00-04:00,2021-07-02T07:33:00-04:00,12120,15420,0,1020,2,120,180,0,0,40,33,86,
2021-07-03T00:50:00-04:00,2021-07-03T07:52:00-04:00,14340,9420,0,1560,2,120,0,0,0,36,33,44,
2021-07-04T03:12:00-04:00,2021-07-04T08:10:00-04:00,5040,11520,0,1320,1,120,420,0,0,43,34,83,
2021-07-06T23:40:00-04:00,2021-07-07T07:46:00-04:00,12120,16080,0,960,1,120,0,0,0,47,32,98,
2021-07-08T00:04:00-04:00,2021-07-08T07:51:00-04:00,17580,9420,0,1020,2,120,120,0,0,39,32,87,
2021-07-08T23:43:00-04:00,2021-07-09T07:19:00-04:00,10980,16260,0,120,0,120,0,0,0,40,32,69,
2021-07-10T00:43:00-04:00,2021-07-10T07:29:00-04:00,10440,12720,0,1200,1,120,60,0,0,41,33,84,
2021-07-11T00:56:00-04:00,2021-07-11T08:54:00-04:00,12660,13980,0,2040,4,120,0,0,0,46,33,83,
2021-07-14T01:29:00-04:00,2021-07-14T07:37:00-04:00,8220,13680,0,180,0,120,60,0,0,45,32,77,
2021-07-15T01:08:00-04:00,2021-07-15T08:10:00-04:00,6840,17640,0,840,2,120,180,0,0,41,31,86,
2021-07-19T23:21:00-04:00,2021-07-20T06:32:00-04:00,11760,13560,0,540,1,120,240,0,0,39,33,74,
2021-07-21T00:02:00-04:00,2021-07-21T07:29:00-04:00,14160,11400,0,1260,1,120,360,0,0,39,33,58,
2021-07-22T00:49:00-04:00,2021-07-22T07:35:00-04:00,11580,10980,0,1800,3,120,0,0,0,46,32,101,
2021-07-23T00:19:00-04:00,2021-07-23T08:15:00-04:00,11100,16500,0,960,1,120,120,0,0,40,32,72,
2021-07-25T04:23:00-04:00,2021-07-25T09:08:00-04:00,4980,10980,0,1140,1,120,120,0,0,43,36,83,
2021-07-25T22:58:00-04:00,2021-07-26T08:21:00-04:00,12360,20700,0,720,1,180,0,0,0,44,32,91,
2021-07-27T01:35:00-04:00,2021-07-27T07:43:00-04:00,10440,10920,0,720,1,120,0,0,0,40,33,85,
2021-07-27T23:36:00-04:00,2021-07-28T07:58:00-04:00,14940,13620,0,1560,2,120,0,0,0,43,32,81,
2021-07-29T01:06:00-04:00,2021-07-29T09:07:00-04:00,14340,12660,0,1860,1,120,540,0,0,39,32,89,
2021-07-29T22:48:00-04:00,2021-07-30T08:13:00-04:00,19080,13620,0,1200,2,120,60,0,0,37,32,64,
2021-07-31T01:11:00-04:00,2021-07-31T07:40:00-04:00,15420,7800,0,120,0,120,0,0,0,39,32,84,
2021-08-01T01:16:00-04:00,2021-08-01T08:19:00-04:00,8820,15900,0,660,0,120,540,0,0,43,33,85,
2021-08-01T23:41:00-04:00,2021-08-02T08:19:00-04:00,13980,15300,0,1800,4,120,300,0,0,40,32,79,
2021-08-02T23:29:00-04:00,2021-08-03T09:06:00-04:00,15780,18060,0,780,1,120,120,0,0,50,32,97,
2021-08-04T23:18:00-04:00,2021-08-05T07:50:00-04:00,17160,12000,0,1560,2,120,0,0,0,47,32,94,
2021-08-06T00:57:00-04:00,2021-08-06T07:17:00-04:00,8460,13920,0,420,0,120,300,0,0,48,32,84,
2021-08-07T01:16:00-04:00,2021-08-07T06:23:00-04:00,9660,8580,0,180,0,120,60,0,0,40,32,66,
2021-08-09T05:29:00-04:00,2021-08-09T12:56:00-04:00,11940,11820,0,3060,3,120,0,0,0,42,33,78,
2021-08-10T05:26:00-04:00,2021-08-10T13:08:00-04:00,13080,12660,0,1980,2,120,0,0,0,42,33,84,
2021-08-11T05:54:00-04:00,2021-08-11T12:22:00-04:00,12000,10440,0,840,1,120,480,0,0,41,33,67,
2021-08-12T06:23:00-04:00,2021-08-12T11:03:00-04:00,7740,8580,0,480,0,120,360,0,0,41,32,68,
2021-08-13T04:58:00-04:00,2021-08-13T12:42:00-04:00,11940,15120,0,780,1,120,180,0,0,42,32,99,
2021-08-15T05:18:00-04:00,2021-08-15T13:02:00-04:00,12060,14700,0,1080,1,120,0,0,0,39,33,51,
2021-08-16T23:42:00-04:00,2021-08-17T07:24:00-04:00,17160,9120,0,1440,3,120,0,0,0,38,32,71,
2021-08-18T01:17:00-04:00,2021-08-18T07:31:00-04:00,8820,12780,0,840,1,120,120,0,0,39,33,98,
2021-08-19T00:20:00-04:00,2021-08-19T07:48:00-04:00,10260,15720,0,900,1,120,0,0,0,38,32,79,
2021-08-20T00:10:00-04:00,2021-08-20T08:42:00-04:00,13440,16020,0,1260,1,120,300,0,0,43,32,78,
2021-08-23T00:15:00-04:00,2021-08-23T07:40:00-04:00,13920,12120,0,660,0,120,540,0,0,38,32,82,
2021-08-23T23:02:00-04:00,2021-08-24T07:43:00-04:00,16740,13800,0,720,1,120,0,0,0,38,32,66,
2021-08-25T00:33:00-04:00,2021-08-25T07:51:00-04:00,11460,13020,0,1800,1,120,660,0,0,40,33,64,
2021-08-25T23:36:00-04:00,2021-08-26T07:42:00-04:00,13140,14760,0,1260,2,120,60,0,0,42,33,92,
2021-08-28T23:30:00-04:00,2021-08-29T07:21:00-04:00,14220,13560,0,480,1,120,180,0,0,40,33,55,
2021-08-29T23:50:00-04:00,2021-08-30T07:49:00-04:00,11760,15660,0,1320,1,120,360,0,0,40,32,80,
2021-08-30T23:21:00-04:00,2021-08-31T07:44:00-04:00,12660,16380,0,1140,1,120,240,0,0,38,32,71,
2021-09-02T00:30:00-04:00,2021-09-02T07:51:00-04:00,10680,15180,0,600,0,120,480,0,0,41,32,89,
2021-09-03T00:20:00-04:00,2021-09-03T03:51:00-04:00,7140,5400,0,120,0,120,0,0,0,44,34,73,
2021-09-04T02:31:00-04:00,2021-09-04T08:15:00-04:00,7560,11760,0,1320,1,120,660,0,0,40,32,93,
2021-09-04T22:56:00-04:00,2021-09-05T05:02:00-04:00,8700,12780,0,480,1,120,180,0,0,49,31,84,
2021-09-05T23:34:00-04:00,2021-09-06T07:58:00-04:00,9960,16980,0,3300,4,120,60,0,0,41,32,99,
2021-09-06T22:36:00-04:00,2021-09-07T02:59:00-04:00,5280,9540,0,960,1,540,0,0,0,39,32,60,
2021-09-08T23:04:00-04:00,2021-09-09T07:46:00-04:00,13800,16620,0,900,1,120,300,0,0,38,31,81,
2021-09-09T22:13:00-04:00,2021-09-10T07:11:00-04:00,14520,16860,0,900,2,120,300,0,0,40,33,92,
2021-09-11T00:37:00-04:00,2021-09-11T08:04:00-04:00,9720,15600,0,1500,3,120,0,0,0,41,33,83,
2021-09-11T22:37:00-04:00,2021-09-12T08:00:00-04:00,15000,15480,0,3300,4,120,0,0,0,49,34,113,
2021-09-12T22:38:00-04:00,2021-09-13T07:58:00-04:00,12120,18120,0,3360,3,120,540,0,0,41,33,77,
2021-09-14T00:22:00-04:00,2021-09-14T07:44:00-04:00,12660,12900,0,960,1,120,180,0,0,37,33,60,
2021-09-15T23:08:00-04:00,2021-09-16T07:52:00-04:00,11520,19440,0,480,0,180,300,0,0,42,31,88,
2021-09-16T23:34:00-04:00,2021-09-17T07:56:00-04:00,16980,11460,0,1680,1,120,0,0,0,41,32,88,
2021-09-17T23:49:00-04:00,2021-09-18T08:23:00-04:00,14280,14400,0,2160,3,120,0,0,0,40,32,84,
2021-09-19T04:19:00-04:00,2021-09-19T10:04:00-04:00,3000,16980,0,720,1,120,0,0,0,46,39,80,
2021-09-19T23:40:00-04:00,2021-09-20T08:14:00-04:00,12420,18060,0,360,0,120,240,0,0,39,32,67,
2021-09-20T23:10:00-04:00,2021-09-21T07:53:00-04:00,14040,16440,0,900,2,120,60,0,0,37,32,62,
2021-09-21T23:14:00-04:00,2021-09-22T08:30:00-04:00,16920,14580,0,1860,4,120,60,0,0,40,32,84,
2021-09-23T02:53:00-04:00,2021-09-23T08:25:00-04:00,8940,10500,0,480,0,120,360,0,0,41,33,67,
2021-09-23T22:50:00-04:00,2021-09-24T07:36:00-04:00,15960,15240,0,360,1,120,60,0,0,43,31,80,
2021-09-25T03:10:00-04:00,2021-09-25T08:22:00-04:00,6900,11520,0,300,0,120,180,0,0,50,42,101,
2021-09-26T00:18:00-04:00,2021-09-26T09:20:00-04:00,14160,16740,0,1620,3,120,300,0,0,43,32,81,
2021-09-27T01:44:00-04:00,2021-09-27T08:17:00-04:00,10920,11400,0,1260,4,180,180,0,0,44,31,79,
2021-09-28T23:56:00-04:00,2021-09-29T07:37:00-04:00,12840,13080,0,1740,2,120,0,0,0,38,33,77,
2021-09-29T20:59:00-04:00,2021-09-30T07:46:00-04:00,17100,20220,0,1500,1,120,360,0,0,38,33,85,
2021-10-01T00:28:00-04:00,2021-10-01T08:28:00-04:00,12900,14100,0,1800,1,120,480,0,0,38,32,66,
2021-10-02T00:23:00-04:00,2021-10-02T07:21:00-04:00,12720,11220,0,1140,2,120,180,0,0,40,34,85,
2021-10-03T22:42:00-04:00,2021-10-04T08:04:00-04:00,19080,13380,0,1260,2,180,60,0,0,42,32,82,
2021-10-04T23:34:00-04:00,2021-10-05T07:47:00-04:00,15900,12300,0,1380,4,120,0,0,0,40,32,86,
2021-10-06T00:35:00-04:00,2021-10-06T07:46:00-04:00,13380,12360,0,120,0,120,0,0,0,35,32,43,
2021-10-06T23:20:00-04:00,2021-10-07T07:48:00-04:00,12900,15000,0,2580,2,120,780,0,0,39,32,91,
2021-10-08T00:06:00-04:00,2021-10-08T07:44:00-04:00,11220,15000,0,1260,1,120,540,0,0,38,32,89,
2021-10-08T23:40:00-04:00,2021-10-09T08:37:00-04:00,15060,15540,0,1620,1,120,600,0,0,39,32,114,
2021-10-10T03:04:00-04:00,2021-10-10T08:37:00-04:00,5940,13440,0,600,1,120,0,0,0,47,37,91,
2021-10-10T21:33:00-04:00,2021-10-11T04:10:00-04:00,14160,8340,0,1320,1,120,600,0,0,44,34,86,
2021-10-11T23:32:00-04:00,2021-10-12T07:48:00-04:00,16620,12120,0,1020,3,120,360,0,0,45,33,112,
2021-10-12T23:09:00-04:00,2021-10-13T08:26:00-04:00,16920,14220,0,2280,2,120,540,0,0,45,33,90,
2021-10-13T23:43:00-04:00,2021-10-14T08:08:00-04:00,14040,14700,0,1560,3,120,120,0,0,42,32,77,
2021-10-14T23:27:00-04:00,2021-10-15T08:23:00-04:00,14700,15600,0,1860,2,120,120,0,0,41,32,80,
2021-10-15T23:37:00-04:00,2021-10-16T08:05:00-04:00,17460,11700,0,1320,1,120,0,0,0,40,32,93,
2021-10-17T03:36:00-04:00,2021-10-17T08:10:00-04:00,7920,8220,0,300,0,120,180,0,0,45,34,80,
2021-10-18T01:03:00-04:00,2021-10-18T08:01:00-04:00,11340,12180,0,1560,2,120,180,0,0,46,32,75,
2021-10-19T23:04:00-04:00,2021-10-20T08:00:00-04:00,14340,14760,0,3060,5,120,0,0,0,41,33,82,
2021-10-21T00:11:00-04:00,2021-10-21T06:47:00-04:00,14400,8520,0,840,1,120,0,0,0,44,33,85,
2021-10-21T22:45:00-04:00,2021-10-22T08:17:00-04:00,15240,15720,0,3360,3,180,180,0,0,38,32,85,
2021-10-23T03:03:00-04:00,2021-10-23T08:06:00-04:00,6480,10560,0,1140,1,120,0,0,0,44,38,85,
2021-10-24T02:32:00-04:00,2021-10-24T08:13:00-04:00,7260,11820,0,1380,1,120,480,0,0,41,32,81,
2021-10-25T01:27:00-04:00,2021-10-25T07:58:00-04:00,14520,8100,0,840,3,120,120,0,0,49,33,83,
2021-10-26T00:59:00-04:00,2021-10-26T08:14:00-04:00,12720,12540,0,840,2,120,0,0,0,37,31,60,
2021-10-26T23:16:00-04:00,2021-10-27T08:06:00-04:00,13860,16020,0,1920,1,120,360,0,0,44,32,91,
2021-10-28T00:10:00-04:00,2021-10-28T04:13:00-04:00,9480,4920,0,180,0,120,60,0,0,44,34,85,
2021-10-28T23:03:00-04:00,2021-10-29T07:42:00-04:00,18420,10500,0,2220,3,120,60,0,0,41,32,64,
2021-10-29T23:20:00-04:00,2021-10-30T07:56:00-04:00,13320,16680,0,960,1,120,240,0,0,38,32,69,
2021-10-31T23:57:00-04:00,2021-11-01T06:28:00-04:00,10080,11520,0,1860,2,120,180,0,0,47,32,86,
2021-11-02T00:01:00-04:00,2021-11-02T08:35:00-04:00,15900,12000,0,2940,2,360,540,0,0,40,32,72,
2021-11-02T23:59:00-04:00,2021-11-03T08:28:00-04:00,17220,11580,0,1740,2,120,540,0,0,48,32,85,
2021-11-04T00:21:00-04:00,2021-11-04T07:41:00-04:00,9720,15060,0,1620,3,120,180,0,0,38,32,75,
2021-11-05T00:31:00-04:00,2021-11-05T09:20:00-04:00,18300,12420,0,1020,1,120,0,0,0,43,32,83,
2021-11-06T00:53:00-04:00,2021-11-06T08:46:00-04:00,15000,12120,0,1260,1,120,360,0,0,42,32,77,
2021-11-07T01:01:00-04:00,2021-11-07T06:20:00-05:00,4560,12300,0,2280,1,120,360,0,0,48,41,88,
2021-11-07T23:51:00-05:00,2021-11-08T07:44:00-05:00,12480,14040,0,1860,3,120,0,0,0,39,33,79,
2021-11-08T22:47:00-05:00,2021-11-09T07:39:00-05:00,12480,17160,0,2280,3,120,240,0,0,0,0,0,
2021-11-09T23:43:00-05:00,2021-11-10T07:59:00-05:00,12000,14700,0,3060,4,120,240,0,0,40,31,87,
2021-11-10T23:37:00-05:00,2021-11-11T05:18:00-05:00,9240,10080,0,1140,1,120,120,0,0,37,32,92,
2021-11-12T23:32:00-05:00,2021-11-13T07:10:00-05:00,14820,11280,0,1380,1,120,420,0,0,43,33,120,
2021-11-14T03:41:00-05:00,2021-11-14T10:14:00-05:00,9540,13080,0,960,1,120,0,0,0,47,37,96,
2021-11-14T22:06:00-05:00,2021-11-15T07:51:00-05:00,16020,17700,0,1380,3,120,300,0,0,37,32,79,
2021-11-15T23:16:00-05:00,2021-11-16T08:01:00-05:00,16380,13680,0,1440,1,780,0,0,0,37,32,71,
2021-11-16T23:48:00-05:00,2021-11-17T08:26:00-05:00,20340,8400,0,2340,2,120,600,0,0,45,32,94,
2021-11-17T23:11:00-05:00,2021-11-18T08:09:00-05:00,14400,14940,0,2940,2,120,840,0,0,46,31,76,
2021-11-18T22:27:00-05:00,2021-11-19T07:55:00-05:00,15780,15780,0,2520,4,120,480,0,0,43,34,73,
2021-11-20T04:23:00-05:00,2021-11-20T08:28:00-05:00,9060,5340,0,300,0,120,180,0,0,54,40,89,
2021-11-21T00:37:00-05:00,2021-11-21T07:39:00-05:00,12660,11580,0,1080,2,120,120,0,0,43,32,79,
2021-11-21T23:13:00-05:00,2021-11-22T08:21:00-05:00,17640,11520,0,3720,6,120,0,0,0,39,32,88,
2021-11-22T23:15:00-05:00,2021-11-23T08:14:00-05:00,16020,14700,0,1620,2,120,240,0,0,39,32,83,
2021-11-24T00:56:00-05:00,2021-11-24T08:51:00-05:00,11100,13920,0,3480,4,120,1560,0,0,39,34,55,
2021-11-24T23:37:00-05:00,2021-11-25T08:25:00-05:00,13320,17520,0,840,1,120,120,0,0,42,32,88,
2021-11-25T23:25:00-05:00,2021-11-26T08:06:00-05:00,13200,16380,0,1680,1,120,0,0,0,0,0,0,
2021-11-28T00:15:00-05:00,2021-11-28T07:56:00-05:00,16620,10920,0,120,0,120,0,0,0,0,0,0,
2021-11-28T22:42:00-05:00,2021-11-29T08:11:00-05:00,20400,13560,0,180,0,120,60,0,0,42,33,93,
2021-11-30T00:36:00-05:00,2021-11-30T08:05:00-05:00,12960,13140,0,840,1,120,180,0,0,36,33,58,
2021-12-02T00:26:00-05:00,2021-12-02T08:03:00-05:00,11700,15000,0,720,1,120,120,0,0,39,33,89,
2021-12-03T00:05:00-05:00,2021-12-03T08:04:00-05:00,10620,17820,0,300,0,120,180,0,0,36,32,79,
2021-12-04T00:51:00-05:00,2021-12-04T08:01:00-05:00,14160,11280,0,360,0,120,240,0,0,39,33,86,
2021-12-05T04:01:00-05:00,2021-12-05T08:02:00-05:00,4860,8580,0,1020,1,120,360,0,0,54,40,84,
2021-12-06T00:01:00-05:00,2021-12-06T09:54:00-05:00,14640,19380,0,1560,2,120,60,0,0,39,32,75,
2021-12-06T23:55:00-05:00,2021-12-07T07:36:00-05:00,10320,16860,0,480,2,120,0,0,0,44,32,72,
2021-12-10T00:18:00-05:00,2021-12-10T07:47:00-05:00,13440,12420,0,1080,0,240,840,0,0,41,33,84,
2021-12-11T01:49:00-05:00,2021-12-11T08:44:00-05:00,12600,11940,0,360,0,120,240,0,0,40,31,88,
2021-12-13T00:24:00-05:00,2021-12-13T07:58:00-05:00,11460,15600,0,180,0,120,60,0,0,38,33,45,
2021-12-14T00:00:00-05:00,2021-12-14T08:05:00-05:00,12060,16860,0,180,0,120,60,0,0,38,32,69,
2021-12-15T01:30:00-05:00,2021-12-15T08:24:00-05:00,14640,9540,0,660,0,120,540,0,0,39,32,79,
2021-12-15T23:38:00-05:00,2021-12-16T08:15:00-05:00,15180,14040,0,1800,2,120,480,0,0,47,33,102,
2021-12-17T00:27:00-05:00,2021-12-17T07:28:00-05:00,10739,12241,0,2280,2,120,1200,0,0,40,32,92,
2021-12-19T03:02:00-05:00,2021-12-19T09:45:00-05:00,9900,11520,0,2760,4,120,180,0,0,0,0,0,
2021-12-21T00:09:00-05:00,2021-12-21T07:30:00-05:00,16200,9240,0,1020,1,120,0,0,0,44,33,107,
2021-12-21T22:20:00-05:00,2021-12-22T08:55:00-05:00,17160,12240,0,2580,3,120,960,0,0,44,33,110,
2021-12-23T00:21:00-05:00,2021-12-23T07:17:00-05:00,11580,13260,0,120,0,120,0,0,0,37,32,61,
2021-12-24T03:13:00-05:00,2021-12-24T08:57:00-05:00,9360,10620,0,660,1,120,60,0,0,34,32,43,
2021-12-25T00:20:00-05:00,2021-12-25T06:55:00-05:00,14040,9360,0,300,1,120,0,0,0,40,33,84,
2021-12-25T23:56:00-05:00,2021-12-26T07:30:00-05:00,11880,14340,0,1020,0,120,900,0,0,39,32,68,
2021-12-27T00:09:00-05:00,2021-12-27T08:35:00-05:00,15000,14040,0,1320,3,180,0,0,0,39,32,77,
2021-12-28T01:15:00-05:00,2021-12-28T09:09:00-05:00,12840,14400,0,1200,1,120,300,0,0,42,32,104,
2021-12-29T00:44:00-05:00,2021-12-29T09:28:00-05:00,13320,15900,0,2220,3,120,240,0,0,38,32,73,
2021-12-30T01:05:00-05:00,2021-12-30T07:38:00-05:00,8400,14880,0,300,0,120,180,0,0,36,32,61,
2021-12-31T00:01:00-05:00,2021-12-31T08:44:00-05:00,19560,10860,0,960,2,120,0,0,0,43,34,92,
2022-01-01T00:52:00-05:00,2022-01-01T09:07:00-05:00,19920,8820,0,960,3,120,0,0,0,42,33,63,
2022-01-02T02:20:00-05:00,2022-01-02T09:27:00-05:00,13500,9780,0,2340,3,120,0,0,0,40,34,67,
2022-01-03T23:03:00-05:00,2022-01-04T08:03:00-05:00,14520,16740,0,1140,3,120,60,0,0,41,32,78,
2022-01-05T00:39:00-05:00,2022-01-05T08:37:00-05:00,14220,13860,0,600,0,120,480,0,0,39,33,80,
2022-01-05T23:33:00-05:00,2022-01-06T07:13:00-05:00,11700,14820,0,1080,3,120,0,0,0,38,33,73,
2022-01-06T23:10:00-05:00,2022-01-07T08:20:00-05:00,12540,20100,0,360,0,120,240,0,0,38,33,75,
2022-01-08T00:43:00-05:00,2022-01-08T08:55:00-05:00,12120,15960,0,1440,1,120,180,0,0,0,0,0,
2022-01-09T00:06:00-05:00,2022-01-09T09:22:00-05:00,16740,15600,0,1020,2,120,0,0,0,0,0,0,
2022-01-09T22:45:00-05:00,2022-01-10T08:19:00-05:00,17700,15540,0,1200,2,120,180,0,0,36,32,59,
2022-01-10T23:39:00-05:00,2022-01-11T07:50:00-05:00,14280,14580,0,600,1,120,0,0,0,37,32,87,
2022-01-11T23:35:00-05:00,2022-01-12T07:14:00-05:00,13920,12000,0,1620,1,120,0,0,0,42,32,82,
2022-01-12T23:20:00-05:00,2022-01-13T08:16:00-05:00,15420,15420,0,1320,2,120,0,0,0,38,31,81,
2022-01-13T23:48:00-05:00,2022-01-14T07:22:00-05:00,14520,10440,0,2280,5,120,60,0,0,42,34,99,
2022-01-15T00:32:00-05:00,2022-01-15T05:04:00-05:00,6360,8700,0,1260,1,120,540,0,0,43,33,92,
2022-01-16T23:55:00-05:00,2022-01-17T08:16:00-05:00,12241,15779,0,2040,5,120,0,0,0,38,32,79,
2022-01-17T23:51:00-05:00,2022-01-18T06:50:00-05:00,0,0,0,0,0,0,0,0,0,38,33,77,
2022-01-24T22:24:00-05:00,2022-01-25T05:34:00-05:00,15120,9900,0,780,2,120,0,0,0,38,33,61,
2022-01-25T21:44:00-05:00,2022-01-26T05:43:00-05:00,12660,14880,0,1200,2,120,240,0,0,40,33,72,
2022-01-26T20:52:00-05:00,2022-01-27T05:49:00-05:00,14520,13860,0,3840,4,120,300,0,0,40,32,80,
2022-01-27T10:47:00-05:00,2022-01-27T16:28:00-05:00,2940,16620,0,900,1,120,600,0,0,112,109,115,
2022-01-29T22:53:00-05:00,2022-01-30T06:22:00-05:00,11820,13440,0,1680,4,180,180,0,0,45,33,88,
2022-01-31T23:32:00-05:00,2022-02-01T03:32:00-05:00,10140,1740,0,2520,7,120,300,0,0,41,33,71,
2022-02-02T22:49:00-05:00,2022-02-03T08:03:00-05:00,14340,17700,0,1200,4,120,0,0,0,41,33,92,
2022-02-03T23:06:00-05:00,2022-02-04T08:06:00-05:00,15840,15480,0,1080,1,120,540,0,0,39,32,55,
2022-02-05T03:50:00-05:00,2022-02-05T09:21:00-05:00,6360,10620,0,2880,4,120,0,0,0,52,38,97,
2022-02-06T00:56:00-05:00,2022-02-06T06:08:00-05:00,4740,13680,0,300,1,120,0,0,0,43,35,52,
2022-02-06T22:59:00-05:00,2022-02-07T08:17:00-05:00,13380,19140,0,960,2,120,60,0,0,37,32,84,
2022-02-08T00:12:00-05:00,2022-02-08T05:49:00-05:00,11340,7020,0,1860,3,120,60,0,0,37,33,68,
2022-02-08T23:45:00-05:00,2022-02-09T08:18:00-05:00,16080,13260,0,1440,3,120,0,0,0,38,33,54,
2022-02-10T00:01:00-05:00,2022-02-10T09:00:00-05:00,17220,14280,0,840,2,180,0,0,0,40,33,91,
2022-02-12T00:37:00-05:00,2022-02-12T07:57:00-05:00,15360,9840,0,1200,1,120,600,0,0,39,33,109,
2022-02-13T03:30:00-05:00,2022-02-13T09:31:00-05:00,10560,10140,0,960,1,120,0,0,0,62,48,74,
2022-02-17T22:04:00-05:00,2022-02-18T08:23:00-05:00,17760,16140,0,3240,5,660,0,0,0,40,32,89,
2022-02-19T00:29:00-05:00,2022-02-19T07:57:00-05:00,13980,11760,0,1140,1,120,240,0,0,40,33,83,
2022-02-20T00:13:00-05:00,2022-02-20T07:26:00-05:00,12000,13740,0,240,0,120,120,0,0,44,33,78,
2022-02-21T00:01:00-05:00,2022-02-21T08:05:00-05:00,13800,13140,0,2100,4,120,0,0,0,42,32,75,
2022-02-21T23:12:00-05:00,2022-02-22T07:30:00-05:00,14340,14520,0,1020,2,360,0,0,0,45,33,75,
2022-02-23T23:54:00-05:00,2022-02-24T08:44:00-05:00,19200,9900,0,2700,5,120,900,0,0,48,33,88,
2022-02-26T02:03:00-05:00,2022-02-26T07:21:00-05:00,10860,7920,0,300,1,120,0,0,0,41,32,85,
2022-02-26T22:39:00-05:00,2022-02-27T03:46:00-05:00,6720,11340,0,360,0,120,240,0,0,39,32,89,
2022-02-27T23:49:00-05:00,2022-02-28T08:05:00-05:00,15240,14160,0,360,1,120,0,0,0,39,32,100,
2022-03-01T00:18:00-05:00,2022-03-01T07:21:00-05:00,11640,13620,0,120,0,120,0,0,0,37,33,51,
2022-03-02T23:11:00-05:00,2022-03-03T07:45:00-05:00,16380,13200,0,1260,0,1140,120,0,0,41,33,93,
2022-03-05T01:08:00-05:00,2022-03-05T07:24:00-05:00,4920,16200,0,1440,1,120,120,0,0,51,37,112,
2022-03-05T22:50:00-05:00,2022-03-06T07:35:00-05:00,16740,14460,0,300,0,120,180,0,0,39,33,86,
2022-03-06T22:33:00-05:00,2022-03-07T07:54:00-05:00,19560,13260,0,840,2,120,360,0,0,40,32,77,
2022-03-07T23:41:00-05:00,2022-03-08T07:32:00-05:00,15300,11820,0,1140,1,120,420,0,0,38,33,63,
2022-03-08T22:56:00-05:00,2022-03-09T07:22:00-05:00,15900,14340,0,120,0,120,0,0,0,42,33,64,
2022-03-09T23:35:00-05:00,2022-03-10T08:05:00-05:00,15720,13200,0,1680,1,120,600,0,0,40,32,84,
2022-03-11T00:18:00-05:00,2022-03-11T08:24:00-05:00,15600,11160,0,2400,4,300,360,0,0,41,32,88,
2022-03-12T00:58:00-05:00,2022-03-12T07:12:00-05:00,11160,9660,0,1620,2,120,420,0,0,47,36,95,
2022-03-13T22:42:00-04:00,2022-03-14T07:10:00-04:00,16080,12000,0,2400,3,120,420,0,0,40,33,75,
2022-03-14T22:54:00-04:00,2022-03-15T07:29:00-04:00,12959,17341,0,600,0,120,480,0,0,35,32,46,
2022-03-15T23:38:00-04:00,2022-03-16T07:36:00-04:00,11400,16380,0,900,2,120,0,0,0,38,32,79,
2022-03-16T23:37:00-04:00,2022-03-17T07:41:00-04:00,14040,14640,0,360,1,120,0,0,0,36,32,69,
2022-03-18T00:14:00-04:00,2022-03-18T08:05:00-04:00,12720,14700,0,840,1,120,480,0,0,35,32,59,
2022-03-19T04:09:00-04:00,2022-03-19T10:03:00-04:00,10020,10320,0,900,1,120,0,0,0,44,36,88,
2022-03-21T00:01:00-04:00,2022-03-21T06:38:00-04:00,9900,13500,0,420,1,120,120,0,0,37,32,57,
2022-03-21T23:26:00-04:00,2022-03-22T04:21:00-04:00,10440,6660,0,600,0,540,60,0,0,38,32,83,
2022-03-22T23:41:00-04:00,2022-03-23T07:40:00-04:00,9720,17880,0,1140,3,120,360,0,0,38,32,79,
2022-03-23T23:21:00-04:00,2022-03-24T07:59:00-04:00,17160,13500,0,420,1,120,0,0,0,36,32,51,
2022-03-25T02:55:00-04:00,2022-03-25T07:54:00-04:00,1140,16680,0,120,0,120,0,0,0,0,0,0,
2022-03-26T02:04:00-04:00,2022-03-26T08:15:00-04:00,9780,10080,0,2400,1,660,120,0,0,44,35,76,
2022-03-27T01:03:00-04:00,2022-03-27T10:00:00-04:00,13440,17340,0,1440,2,120,360,0,0,40,33,82,
2022-03-28T00:29:00-04:00,2022-03-28T07:44:00-04:00,14100,10920,0,1080,2,120,0,0,0,38,33,75,
2022-03-29T01:00:00-04:00,2022-03-29T08:07:00-04:00,11400,13440,0,780,2,120,0,0,0,42,33,68,
2022-03-31T00:25:00-04:00,2022-03-31T08:35:00-04:00,17280,11820,0,300,1,120,0,0,0,38,33,66,
2022-03-31T23:26:00-04:00,2022-04-01T06:29:00-04:00,12480,11880,0,1020,1,120,720,0,0,47,33,106,
2022-04-02T03:33:00-04:00,2022-04-02T08:42:00-04:00,5640,12060,0,840,0,180,660,0,0,64,46,116,
2022-04-02T23:58:00-04:00,2022-04-03T08:22:00-04:00,14460,14820,0,960,1,120,0,0,0,37,33,64,
2022-04-04T01:20:00-04:00,2022-04-04T08:15:00-04:00,11040,13500,0,360,0,120,240,0,0,37,32,55,
2022-04-05T00:14:00-04:00,2022-04-05T08:15:00-04:00,11700,16800,0,360,1,120,60,0,0,39,33,99,
2022-04-05T23:23:00-04:00,2022-04-06T08:03:00-04:00,14100,15840,0,1260,4,120,0,0,0,37,33,74,
2022-04-07T00:27:00-04:00,2022-04-07T07:02:00-04:00,10680,12900,0,120,0,120,0,0,0,38,33,44,
2022-04-08T00:27:00-04:00,2022-04-08T07:26:00-04:00,12960,10800,0,1380,4,120,120,0,0,37,33,98,
2022-04-08T22:45:00-04:00,2022-04-09T07:03:00-04:00,13320,15780,0,780,0,780,0,0,0,39,32,73,
2022-04-10T01:05:00-04:00,2022-04-10T09:00:00-04:00,12540,13440,0,2520,3,120,60,0,0,38,33,69,
2022-04-10T23:35:00-04:00,2022-04-11T07:36:00-04:00,15000,13620,0,240,0,120,120,0,0,38,32,72,
2022-04-11T23:26:00-04:00,2022-04-12T07:18:00-04:00,14400,12420,0,1500,1,180,480,0,0,36,33,47,
2022-04-13T00:28:00-04:00,2022-04-13T08:33:00-04:00,13500,14040,0,1560,2,120,0,0,0,41,32,114,
2022-04-13T23:28:00-04:00,2022-04-14T08:46:00-04:00,18720,14640,0,120,0,120,0,0,0,44,33,84,
2022-04-14T22:12:00-04:00,2022-04-15T07:29:00-04:00,16320,15120,0,1980,2,120,0,0,0,38,33,80,
2022-04-15T22:24:00-04:00,2022-04-16T07:44:00-04:00,16800,15060,0,1740,2,120,0,0,0,36,32,53,
2022-04-17T00:33:00-04:00,2022-04-17T07:51:00-04:00,15600,10500,0,180,0,120,60,0,0,39,33,73,
